,Age,RestingBloodPressure,Cholesterol,FastingBloodSugar,MaxHeartRate,Oldpeak,HeartDisease
count,918.0,918.0,918.0,918.0,918.0,918.0,918.0
mean,53.510893246187365,132.39651416122004,198.7995642701525,0.23311546840958605,136.80936819172112,0.8873638344226579,0.5533769063180828
std,9.43261650673201,18.5141541199078,109.38414455220348,0.423045624739303,25.4603341382503,1.0665701510493257,0.4974137382845968
min,28.0,0.0,0.0,0.0,60.0,-2.6,0.0
25%,47.0,120.0,173.25,0.0,120.0,0.0,0.0
50%,54.0,130.0,223.0,0.0,138.0,0.6,1.0
75%,60.0,140.0,267.0,0.0,156.0,1.5,1.0
max,77.0,200.0,603.0,1.0,202.0,6.2,1.0
