Ensemble technique,MSE
Max Voting,0.11956521739130435
Averaging,0.15760869565217392
Weighted Averaging,0.15217391304347827
Stacking,0.11413043478260869
Bagging,0.15217391304347827
AdaBoost,0.18478260869565216
Gradient Boosting,0.1358695652173913
